<?xml version="1.0" encoding="UTF-8"?>
<!DOCTYPE mapper PUBLIC "-//mybatis.org//DTD Mapper 3.0//EN" "http://mybatis.org/dtd/mybatis-3-mapper.dtd">

<mapper namespace="com.dao.JiagongxinxiDao">

	<!-- 可根据自己的需求，是否要使用 -->
    <resultMap type="com.entity.JiagongxinxiEntity" id="jiagongxinxiMap">
        <result property="chanpinbianhao" column="chanpinbianhao"/>
        <result property="chanpinmingcheng" column="chanpinmingcheng"/>
        <result property="jiagongqiye" column="jiagongqiye"/>
        <result property="jiagonggongxu" column="jiagonggongxu"/>
        <result property="jiagongshijian" column="jiagongshijian"/>
        <result property="jiagongzhongliang" column="jiagongzhongliang"/>
        <result property="shangjiazhanghao" column="shangjiazhanghao"/>
        <result property="shangjiaxingming" column="shangjiaxingming"/>
    </resultMap>

	<select id="selectListVO"
		resultType="com.entity.vo.JiagongxinxiVO" >
		SELECT * FROM jiagongxinxi  jiagongxinxi         
        <where> 1=1 ${ew.sqlSegment}</where>
	</select>
	
	<select id="selectVO"
		resultType="com.entity.vo.JiagongxinxiVO" >
		SELECT  jiagongxinxi.* FROM jiagongxinxi  jiagongxinxi
 		<where> 1=1 ${ew.sqlSegment}</where>
	</select>

    <select id="selectListView"
		resultType="com.entity.view.JiagongxinxiView" >

		SELECT  jiagongxinxi.* FROM jiagongxinxi  jiagongxinxi 	        
        <where> 1=1 ${ew.sqlSegment}</where>
	</select>
	
	<select id="selectView"
		resultType="com.entity.view.JiagongxinxiView" >
		SELECT * FROM jiagongxinxi  jiagongxinxi <where> 1=1 ${ew.sqlSegment}</where>
	</select>
	

	
</mapper>
