<?xml version="1.0" encoding="UTF-8"?>
<!DOCTYPE mapper PUBLIC "-//mybatis.org//DTD Mapper 3.0//EN" "http://mybatis.org/dtd/mybatis-3-mapper.dtd">

<mapper namespace="com.dao.ShifeixinxiDao">

	<!-- 可根据自己的需求，是否要使用 -->
    <resultMap type="com.entity.ShifeixinxiEntity" id="shifeixinxiMap">
        <result property="chanpinbianhao" column="chanpinbianhao"/>
        <result property="chanpinmingcheng" column="chanpinmingcheng"/>
        <result property="shengzhangzhouqi" column="shengzhangzhouqi"/>
        <result property="feiliaomingcheng" column="feiliaomingcheng"/>
        <result property="shifeimianji" column="shifeimianji"/>
        <result property="shifeishijian" column="shifeishijian"/>
        <result property="shangjiazhanghao" column="shangjiazhanghao"/>
        <result property="shangjiaxingming" column="shangjiaxingming"/>
    </resultMap>

	<select id="selectListVO"
		resultType="com.entity.vo.ShifeixinxiVO" >
		SELECT * FROM shifeixinxi  shifeixinxi         
        <where> 1=1 ${ew.sqlSegment}</where>
	</select>
	
	<select id="selectVO"
		resultType="com.entity.vo.ShifeixinxiVO" >
		SELECT  shifeixinxi.* FROM shifeixinxi  shifeixinxi
 		<where> 1=1 ${ew.sqlSegment}</where>
	</select>

    <select id="selectListView"
		resultType="com.entity.view.ShifeixinxiView" >

		SELECT  shifeixinxi.* FROM shifeixinxi  shifeixinxi 	        
        <where> 1=1 ${ew.sqlSegment}</where>
	</select>
	
	<select id="selectView"
		resultType="com.entity.view.ShifeixinxiView" >
		SELECT * FROM shifeixinxi  shifeixinxi <where> 1=1 ${ew.sqlSegment}</where>
	</select>
	

	
</mapper>
