<?xml version="1.0" encoding="UTF-8"?>
<!DOCTYPE mapper PUBLIC "-//mybatis.org//DTD Mapper 3.0//EN" "http://mybatis.org/dtd/mybatis-3-mapper.dtd">

<mapper namespace="com.dao.ShougexinxiDao">

	<!-- 可根据自己的需求，是否要使用 -->
    <resultMap type="com.entity.ShougexinxiEntity" id="shougexinxiMap">
        <result property="chanpinbianhao" column="chanpinbianhao"/>
        <result property="chanpinmingcheng" column="chanpinmingcheng"/>
        <result property="shougeshijian" column="shougeshijian"/>
        <result property="shougerenyuan" column="shougerenyuan"/>
        <result property="shougemianji" column="shougemianji"/>
        <result property="shougezhongliang" column="shougezhongliang"/>
        <result property="shangjiazhanghao" column="shangjiazhanghao"/>
        <result property="shangjiaxingming" column="shangjiaxingming"/>
    </resultMap>

	<select id="selectListVO"
		resultType="com.entity.vo.ShougexinxiVO" >
		SELECT * FROM shougexinxi  shougexinxi         
        <where> 1=1 ${ew.sqlSegment}</where>
	</select>
	
	<select id="selectVO"
		resultType="com.entity.vo.ShougexinxiVO" >
		SELECT  shougexinxi.* FROM shougexinxi  shougexinxi
 		<where> 1=1 ${ew.sqlSegment}</where>
	</select>

    <select id="selectListView"
		resultType="com.entity.view.ShougexinxiView" >

		SELECT  shougexinxi.* FROM shougexinxi  shougexinxi 	        
        <where> 1=1 ${ew.sqlSegment}</where>
	</select>
	
	<select id="selectView"
		resultType="com.entity.view.ShougexinxiView" >
		SELECT * FROM shougexinxi  shougexinxi <where> 1=1 ${ew.sqlSegment}</where>
	</select>
	

	
</mapper>
