<?xml version="1.0" encoding="UTF-8"?>
<!DOCTYPE mapper PUBLIC "-//mybatis.org//DTD Mapper 3.0//EN" "http://mybatis.org/dtd/mybatis-3-mapper.dtd">

<mapper namespace="com.dao.XiaoshouxinxiDao">

	<!-- 可根据自己的需求，是否要使用 -->
    <resultMap type="com.entity.XiaoshouxinxiEntity" id="xiaoshouxinxiMap">
        <result property="chanpinbianhao" column="chanpinbianhao"/>
        <result property="chanpinmingcheng" column="chanpinmingcheng"/>
        <result property="guige" column="guige"/>
        <result property="shuliang" column="shuliang"/>
        <result property="danjia" column="danjia"/>
        <result property="shangjiariqi" column="shangjiariqi"/>
        <result property="baozhiqi" column="baozhiqi"/>
        <result property="shangjiazhanghao" column="shangjiazhanghao"/>
        <result property="shangjiaxingming" column="shangjiaxingming"/>
    </resultMap>

	<select id="selectListVO"
		resultType="com.entity.vo.XiaoshouxinxiVO" >
		SELECT * FROM xiaoshouxinxi  xiaoshouxinxi         
        <where> 1=1 ${ew.sqlSegment}</where>
	</select>
	
	<select id="selectVO"
		resultType="com.entity.vo.XiaoshouxinxiVO" >
		SELECT  xiaoshouxinxi.* FROM xiaoshouxinxi  xiaoshouxinxi
 		<where> 1=1 ${ew.sqlSegment}</where>
	</select>

    <select id="selectListView"
		resultType="com.entity.view.XiaoshouxinxiView" >

		SELECT  xiaoshouxinxi.* FROM xiaoshouxinxi  xiaoshouxinxi 	        
        <where> 1=1 ${ew.sqlSegment}</where>
	</select>
	
	<select id="selectView"
		resultType="com.entity.view.XiaoshouxinxiView" >
		SELECT * FROM xiaoshouxinxi  xiaoshouxinxi <where> 1=1 ${ew.sqlSegment}</where>
	</select>
	

	
</mapper>
