<?xml version="1.0" encoding="UTF-8"?>
<!DOCTYPE mapper PUBLIC "-//mybatis.org//DTD Mapper 3.0//EN" "http://mybatis.org/dtd/mybatis-3-mapper.dtd">

<mapper namespace="com.dao.YunshuxinxiDao">

	<!-- 可根据自己的需求，是否要使用 -->
    <resultMap type="com.entity.YunshuxinxiEntity" id="yunshuxinxiMap">
        <result property="chanpinbianhao" column="chanpinbianhao"/>
        <result property="chanpinmingcheng" column="chanpinmingcheng"/>
        <result property="chanpinzhongliang" column="chanpinzhongliang"/>
        <result property="wuliugongsi" column="wuliugongsi"/>
        <result property="fahuodidian" column="fahuodidian"/>
        <result property="yunsongdidian" column="yunsongdidian"/>
        <result property="yunshushijian" column="yunshushijian"/>
        <result property="daodashijian" column="daodashijian"/>
        <result property="shangjiazhanghao" column="shangjiazhanghao"/>
        <result property="shangjiaxingming" column="shangjiaxingming"/>
    </resultMap>

	<select id="selectListVO"
		resultType="com.entity.vo.YunshuxinxiVO" >
		SELECT * FROM yunshuxinxi  yunshuxinxi         
        <where> 1=1 ${ew.sqlSegment}</where>
	</select>
	
	<select id="selectVO"
		resultType="com.entity.vo.YunshuxinxiVO" >
		SELECT  yunshuxinxi.* FROM yunshuxinxi  yunshuxinxi
 		<where> 1=1 ${ew.sqlSegment}</where>
	</select>

    <select id="selectListView"
		resultType="com.entity.view.YunshuxinxiView" >

		SELECT  yunshuxinxi.* FROM yunshuxinxi  yunshuxinxi 	        
        <where> 1=1 ${ew.sqlSegment}</where>
	</select>
	
	<select id="selectView"
		resultType="com.entity.view.YunshuxinxiView" >
		SELECT * FROM yunshuxinxi  yunshuxinxi <where> 1=1 ${ew.sqlSegment}</where>
	</select>
	

	
</mapper>
