<?xml version="1.0" encoding="UTF-8"?>
<!DOCTYPE mapper PUBLIC "-//mybatis.org//DTD Mapper 3.0//EN" "http://mybatis.org/dtd/mybatis-3-mapper.dtd">

<mapper namespace="com.dao.ZhongzhixinxiDao">

	<!-- 可根据自己的需求，是否要使用 -->
    <resultMap type="com.entity.ZhongzhixinxiEntity" id="zhongzhixinxiMap">
        <result property="chanpinbianhao" column="chanpinbianhao"/>
        <result property="chanpinmingcheng" column="chanpinmingcheng"/>
        <result property="zhongzhinonghu" column="zhongzhinonghu"/>
        <result property="zhongzhishijian" column="zhongzhishijian"/>
        <result property="zhongzhididian" column="zhongzhididian"/>
        <result property="zhongzhimianji" column="zhongzhimianji"/>
        <result property="shangjiazhanghao" column="shangjiazhanghao"/>
        <result property="shangjiaxingming" column="shangjiaxingming"/>
    </resultMap>

	<select id="selectListVO"
		resultType="com.entity.vo.ZhongzhixinxiVO" >
		SELECT * FROM zhongzhixinxi  zhongzhixinxi         
        <where> 1=1 ${ew.sqlSegment}</where>
	</select>
	
	<select id="selectVO"
		resultType="com.entity.vo.ZhongzhixinxiVO" >
		SELECT  zhongzhixinxi.* FROM zhongzhixinxi  zhongzhixinxi
 		<where> 1=1 ${ew.sqlSegment}</where>
	</select>

    <select id="selectListView"
		resultType="com.entity.view.ZhongzhixinxiView" >

		SELECT  zhongzhixinxi.* FROM zhongzhixinxi  zhongzhixinxi 	        
        <where> 1=1 ${ew.sqlSegment}</where>
	</select>
	
	<select id="selectView"
		resultType="com.entity.view.ZhongzhixinxiView" >
		SELECT * FROM zhongzhixinxi  zhongzhixinxi <where> 1=1 ${ew.sqlSegment}</where>
	</select>
	

	
</mapper>
